{
  "canvas": {
    "width": 2000,
    "height": 2000,
    "scrollTop": 2.222222328186035,
    "scrollLeft": 3.3333334922790527,
    "show": {
      "tableComment": false,
      "columnComment": false,
      "columnDataType": true,
      "columnDefault": true,
      "columnAutoIncrement": false,
      "columnPrimaryKey": true,
      "columnUnique": false,
      "columnNotNull": true,
      "relationship": true
    },
    "database": "PostgreSQL",
    "databaseName": "",
    "canvasType": "ERD",
    "language": "GraphQL",
    "tableCase": "pascalCase",
    "columnCase": "camelCase",
    "setting": {
      "relationshipDataTypeSync": true,
      "columnOrder": [
        "columnName",
        "columnDataType",
        "columnNotNull",
        "columnUnique",
        "columnAutoIncrement",
        "columnDefault",
        "columnComment"
      ]
    }
  },
  "table": {
    "tables": [
      {
        "name": "user",
        "comment": "",
        "columns": [
          {
            "name": "id",
            "comment": "",
            "dataType": "integer",
            "default": "",
            "option": {
              "autoIncrement": false,
              "primaryKey": true,
              "unique": false,
              "notNull": true
            },
            "ui": {
              "active": false,
              "pk": true,
              "fk": false,
              "pfk": false,
              "widthName": 60,
              "widthComment": 60,
              "widthDataType": 60,
              "widthDefault": 60
            },
            "id": "aed82afc-33b3-0fa3-e1bd-bed1a02cc910"
          },
          {
            "name": "username",
            "comment": "",
            "dataType": "text",
            "default": "",
            "option": {
              "autoIncrement": false,
              "primaryKey": false,
              "unique": false,
              "notNull": true
            },
            "ui": {
              "active": false,
              "pk": false,
              "fk": false,
              "pfk": false,
              "widthName": 60,
              "widthComment": 60,
              "widthDataType": 60,
              "widthDefault": 60
            },
            "id": "1927ba93-2a5f-3ac5-b121-81851b51582b"
          },
          {
            "name": "password",
            "comment": "",
            "dataType": "text",
            "default": "",
            "option": {
              "autoIncrement": false,
              "primaryKey": false,
              "unique": false,
              "notNull": true
            },
            "ui": {
              "active": false,
              "pk": false,
              "fk": false,
              "pfk": false,
              "widthName": 60,
              "widthComment": 60,
              "widthDataType": 60,
              "widthDefault": 60
            },
            "id": "4b8d42bb-0f19-fa6e-1463-ad520785123f"
          },
          {
            "name": "email",
            "comment": "",
            "dataType": "text",
            "default": "",
            "option": {
              "autoIncrement": false,
              "primaryKey": false,
              "unique": false,
              "notNull": true
            },
            "ui": {
              "active": false,
              "pk": false,
              "fk": false,
              "pfk": false,
              "widthName": 60,
              "widthComment": 60,
              "widthDataType": 60,
              "widthDefault": 60
            },
            "id": "55072ecf-d327-b922-eb20-e703c2eae668"
          },
          {
            "name": "is_active",
            "comment": "",
            "dataType": "boolean",
            "default": "False",
            "option": {
              "autoIncrement": false,
              "primaryKey": false,
              "unique": false,
              "notNull": true
            },
            "ui": {
              "active": false,
              "pk": false,
              "fk": false,
              "pfk": false,
              "widthName": 60,
              "widthComment": 60,
              "widthDataType": 60,
              "widthDefault": 60
            },
            "id": "53597f51-fbf1-59fc-3240-f3aded4375df"
          }
        ],
        "ui": {
          "active": false,
          "left": 113.44444217799605,
          "top": 249.11111220018378,
          "zIndex": 365,
          "widthName": 60,
          "widthComment": 60
        },
        "id": "1fc2e709-dde6-d420-5e73-ab2d4fb85ab2"
      },
      {
        "name": "event",
        "comment": "",
        "columns": [
          {
            "name": "id",
            "comment": "",
            "dataType": "integer",
            "default": "",
            "option": {
              "autoIncrement": false,
              "primaryKey": true,
              "unique": false,
              "notNull": true
            },
            "ui": {
              "active": false,
              "pk": true,
              "fk": false,
              "pfk": false,
              "widthName": 60,
              "widthComment": 60,
              "widthDataType": 60,
              "widthDefault": 60
            },
            "id": "2f205ec4-ca00-c041-2806-adcb392b0095"
          },
          {
            "name": "owner",
            "comment": "",
            "dataType": "integer",
            "default": "",
            "option": {
              "autoIncrement": false,
              "primaryKey": false,
              "unique": false,
              "notNull": true
            },
            "ui": {
              "active": false,
              "pk": false,
              "fk": true,
              "pfk": false,
              "widthName": 60,
              "widthComment": 60,
              "widthDataType": 60,
              "widthDefault": 60
            },
            "id": "184dd461-b279-ed77-6ee3-df294cd7c341"
          },
          {
            "name": "title",
            "comment": "",
            "dataType": "text",
            "default": "",
            "option": {
              "autoIncrement": false,
              "primaryKey": false,
              "unique": false,
              "notNull": true
            },
            "ui": {
              "active": false,
              "pk": false,
              "fk": false,
              "pfk": false,
              "widthName": 60,
              "widthComment": 60,
              "widthDataType": 60,
              "widthDefault": 60
            },
            "id": "342eeb6f-22b0-e252-5d1d-05b87b1649ec"
          },
          {
            "name": "content",
            "comment": "",
            "dataType": "text",
            "default": "",
            "option": {
              "autoIncrement": false,
              "primaryKey": false,
              "unique": false,
              "notNull": true
            },
            "ui": {
              "active": false,
              "pk": false,
              "fk": false,
              "pfk": false,
              "widthName": 60,
              "widthComment": 60,
              "widthDataType": 60,
              "widthDefault": 60
            },
            "id": "64c0fa2f-e877-98fe-3bc5-e418a267acc4"
          },
          {
            "name": "start",
            "comment": "",
            "dataType": "date",
            "default": "",
            "option": {
              "autoIncrement": false,
              "primaryKey": false,
              "unique": false,
              "notNull": true
            },
            "ui": {
              "active": false,
              "pk": false,
              "fk": false,
              "pfk": false,
              "widthName": 60,
              "widthComment": 60,
              "widthDataType": 60,
              "widthDefault": 60
            },
            "id": "ded9979e-47cd-09cd-31f2-bdcd4e80686c"
          },
          {
            "name": "end",
            "comment": "",
            "dataType": "date",
            "default": "",
            "option": {
              "autoIncrement": false,
              "primaryKey": false,
              "unique": false,
              "notNull": true
            },
            "ui": {
              "active": false,
              "pk": false,
              "fk": false,
              "pfk": false,
              "widthName": 60,
              "widthComment": 60,
              "widthDataType": 60,
              "widthDefault": 60
            },
            "id": "76ffc571-c750-2103-baa7-133a0505a61c"
          },
          {
            "name": "location",
            "comment": "",
            "dataType": "text",
            "default": "",
            "option": {
              "autoIncrement": false,
              "primaryKey": false,
              "unique": false,
              "notNull": false
            },
            "ui": {
              "active": false,
              "pk": false,
              "fk": false,
              "pfk": false,
              "widthName": 60,
              "widthComment": 60,
              "widthDataType": 60,
              "widthDefault": 60
            },
            "id": "34999c70-6e75-e2ef-c1b7-55ae892cd2ad"
          }
        ],
        "ui": {
          "active": false,
          "left": 634.6666668432731,
          "top": 225.77777877854717,
          "zIndex": 364,
          "widthName": 60,
          "widthComment": 60
        },
        "id": "df705e3e-14ef-ddd6-7063-49ab04ed2f57"
      },
      {
        "name": "user_event",
        "comment": "",
        "columns": [
          {
            "name": "uesr_id",
            "comment": "",
            "dataType": "integer",
            "default": "",
            "option": {
              "autoIncrement": false,
              "primaryKey": false,
              "unique": false,
              "notNull": false
            },
            "ui": {
              "active": false,
              "pk": false,
              "fk": true,
              "pfk": false,
              "widthName": 60,
              "widthComment": 60,
              "widthDataType": 60,
              "widthDefault": 60
            },
            "id": "b7244122-42e6-ebc1-3378-a3fa22f45aad"
          },
          {
            "name": "event_id",
            "comment": "",
            "dataType": "integer",
            "default": "",
            "option": {
              "autoIncrement": false,
              "primaryKey": false,
              "unique": false,
              "notNull": false
            },
            "ui": {
              "active": false,
              "pk": false,
              "fk": true,
              "pfk": false,
              "widthName": 60,
              "widthComment": 60,
              "widthDataType": 60,
              "widthDefault": 60
            },
            "id": "63fef21b-7b78-f9d9-d357-460484ccbe2a"
          }
        ],
        "ui": {
          "active": false,
          "left": 378.6666660485442,
          "top": 481.3333347461843,
          "zIndex": 356,
          "widthName": 64,
          "widthComment": 60
        },
        "id": "eecbde06-5d31-ff52-4d02-aa2c5e6f7a35"
      },
      {
        "name": "invitation",
        "comment": "",
        "columns": [
          {
            "name": "id",
            "comment": "",
            "dataType": "integer",
            "default": "",
            "option": {
              "autoIncrement": false,
              "primaryKey": true,
              "unique": false,
              "notNull": true
            },
            "ui": {
              "active": false,
              "pk": true,
              "fk": false,
              "pfk": false,
              "widthName": 60,
              "widthComment": 60,
              "widthDataType": 60,
              "widthDefault": 60
            },
            "id": "f58a638a-2d5f-3f2d-8fbd-aaf379df75c2"
          },
          {
            "name": "recipient_id",
            "comment": "",
            "dataType": "integer",
            "default": "",
            "option": {
              "autoIncrement": false,
              "primaryKey": false,
              "unique": false,
              "notNull": true
            },
            "ui": {
              "active": false,
              "pk": false,
              "fk": true,
              "pfk": false,
              "widthName": 69,
              "widthComment": 60,
              "widthDataType": 60,
              "widthDefault": 60
            },
            "id": "2fd34f58-849a-94ab-63e8-6d6634d8d9c7"
          },
          {
            "name": "event_id",
            "comment": "",
            "dataType": "integer",
            "default": "",
            "option": {
              "autoIncrement": false,
              "primaryKey": false,
              "unique": false,
              "notNull": true
            },
            "ui": {
              "active": false,
              "pk": false,
              "fk": true,
              "pfk": false,
              "widthName": 60,
              "widthComment": 60,
              "widthDataType": 60,
              "widthDefault": 60
            },
            "id": "29a072e1-4cda-8863-89c8-e400d991be48"
          },
          {
            "name": "status",
            "comment": "",
            "dataType": "text",
            "default": "unread",
            "option": {
              "autoIncrement": false,
              "primaryKey": false,
              "unique": false,
              "notNull": true
            },
            "ui": {
              "active": false,
              "pk": false,
              "fk": false,
              "pfk": false,
              "widthName": 60,
              "widthComment": 60,
              "widthDataType": 60,
              "widthDefault": 60
            },
            "id": "17497d41-225a-84b4-77f8-a4cb343f7b47"
          },
          {
            "name": "creation",
            "comment": "",
            "dataType": "date",
            "default": "",
            "option": {
              "autoIncrement": false,
              "primaryKey": false,
              "unique": false,
              "notNull": true
            },
            "ui": {
              "active": false,
              "pk": false,
              "fk": false,
              "pfk": false,
              "widthName": 60,
              "widthComment": 60,
              "widthDataType": 60,
              "widthDefault": 60
            },
            "id": "25bba9c4-d1dc-1120-1188-b2a9ef39d1f8"
          }
        ],
        "ui": {
          "active": false,
          "left": 378.555563385104,
          "top": 35.55555570272752,
          "zIndex": 362,
          "widthName": 60,
          "widthComment": 60
        },
        "id": "2fd078e7-7d5c-0fe3-eefa-5f056485e61d"
      }
    ],
    "indexes": []
  },
  "memo": {
    "memos": []
  },
  "relationship": {
    "relationships": [
      {
        "identification": false,
        "start": {
          "tableId": "1fc2e709-dde6-d420-5e73-ab2d4fb85ab2",
          "columnIds": [
            "aed82afc-33b3-0fa3-e1bd-bed1a02cc910"
          ],
          "x": 395.44444217799605,
          "y": 334.8611122001838,
          "direction": "right"
        },
        "end": {
          "tableId": "df705e3e-14ef-ddd6-7063-49ab04ed2f57",
          "columnIds": [
            "184dd461-b279-ed77-6ee3-df294cd7c341"
          ],
          "x": 634.6666668432731,
          "y": 332.02777877854714,
          "direction": "left"
        },
        "id": "0f683281-6fdc-384e-fd32-9eddcbd18ddc",
        "relationshipType": "OneN"
      },
      {
        "identification": false,
        "start": {
          "tableId": "1fc2e709-dde6-d420-5e73-ab2d4fb85ab2",
          "columnIds": [
            "aed82afc-33b3-0fa3-e1bd-bed1a02cc910"
          ],
          "x": 254.44444217799605,
          "y": 420.6111122001838,
          "direction": "bottom"
        },
        "end": {
          "tableId": "eecbde06-5d31-ff52-4d02-aa2c5e6f7a35",
          "columnIds": [
            "b7244122-42e6-ebc1-3378-a3fa22f45aad"
          ],
          "x": 378.6666660485442,
          "y": 536.3333347461843,
          "direction": "left"
        },
        "id": "38441315-421e-c901-4fb3-d792ed6b08bf",
        "relationshipType": "N"
      },
      {
        "identification": false,
        "start": {
          "tableId": "df705e3e-14ef-ddd6-7063-49ab04ed2f57",
          "columnIds": [
            "2f205ec4-ca00-c041-2806-adcb392b0095"
          ],
          "x": 775.6666668432731,
          "y": 438.27777877854714,
          "direction": "bottom"
        },
        "end": {
          "tableId": "eecbde06-5d31-ff52-4d02-aa2c5e6f7a35",
          "columnIds": [
            "63fef21b-7b78-f9d9-d357-460484ccbe2a"
          ],
          "x": 660.6666660485441,
          "y": 536.3333347461843,
          "direction": "right"
        },
        "id": "24711793-c40d-7af3-84a2-5a1f3fed8613",
        "relationshipType": "N"
      },
      {
        "identification": false,
        "start": {
          "tableId": "1fc2e709-dde6-d420-5e73-ab2d4fb85ab2",
          "columnIds": [
            "aed82afc-33b3-0fa3-e1bd-bed1a02cc910"
          ],
          "x": 254.44444217799605,
          "y": 249.11111220018378,
          "direction": "top"
        },
        "end": {
          "tableId": "2fd078e7-7d5c-0fe3-eefa-5f056485e61d",
          "columnIds": [
            "2fd34f58-849a-94ab-63e8-6d6634d8d9c7"
          ],
          "x": 378.555563385104,
          "y": 121.30555570272752,
          "direction": "left"
        },
        "id": "faa73621-2377-8362-bbf0-3d9d43526ce3",
        "relationshipType": "OneN"
      },
      {
        "identification": false,
        "start": {
          "tableId": "df705e3e-14ef-ddd6-7063-49ab04ed2f57",
          "columnIds": [
            "2f205ec4-ca00-c041-2806-adcb392b0095"
          ],
          "x": 775.6666668432731,
          "y": 225.77777877854717,
          "direction": "top"
        },
        "end": {
          "tableId": "2fd078e7-7d5c-0fe3-eefa-5f056485e61d",
          "columnIds": [
            "29a072e1-4cda-8863-89c8-e400d991be48"
          ],
          "x": 669.555563385104,
          "y": 121.30555570272752,
          "direction": "right"
        },
        "id": "3f6f23a8-b2c4-2f25-eb81-2821737973c2",
        "relationshipType": "OneN"
      }
    ]
  }
}