{
  "canvas": {
    "width": 2000,
    "height": 2000,
    "scrollTop": 34,
    "scrollLeft": 6,
    "show": {
      "tableComment": false,
      "columnComment": false,
      "columnDataType": true,
      "columnDefault": true,
      "columnAutoIncrement": false,
      "columnPrimaryKey": true,
      "columnUnique": false,
      "columnNotNull": true,
      "relationship": true
    },
    "database": "PostgreSQL",
    "databaseName": "",
    "canvasType": "ERD",
    "language": "GraphQL",
    "tableCase": "pascalCase",
    "columnCase": "camelCase",
    "setting": {
      "relationshipDataTypeSync": true,
      "columnOrder": [
        "columnName",
        "columnDataType",
        "columnNotNull",
        "columnUnique",
        "columnAutoIncrement",
        "columnDefault",
        "columnComment"
      ]
    }
  },
  "table": {
    "tables": [
      {
        "name": "user",
        "comment": "",
        "columns": [
          {
            "name": "id",
            "comment": "",
            "dataType": "integer",
            "default": "",
            "option": {
              "autoIncrement": false,
              "primaryKey": true,
              "unique": false,
              "notNull": true
            },
            "ui": {
              "active": false,
              "pk": true,
              "fk": false,
              "pfk": false,
              "widthName": 60,
              "widthComment": 60,
              "widthDataType": 60,
              "widthDefault": 60
            },
            "id": "aed82afc-33b3-0fa3-e1bd-bed1a02cc910"
          },
          {
            "name": "username",
            "comment": "",
            "dataType": "text",
            "default": "",
            "option": {
              "autoIncrement": false,
              "primaryKey": false,
              "unique": false,
              "notNull": true
            },
            "ui": {
              "active": false,
              "pk": false,
              "fk": false,
              "pfk": false,
              "widthName": 60,
              "widthComment": 60,
              "widthDataType": 60,
              "widthDefault": 60
            },
            "id": "1927ba93-2a5f-3ac5-b121-81851b51582b"
          },
          {
            "name": "password",
            "comment": "",
            "dataType": "text",
            "default": "",
            "option": {
              "autoIncrement": false,
              "primaryKey": false,
              "unique": false,
              "notNull": true
            },
            "ui": {
              "active": false,
              "pk": false,
              "fk": false,
              "pfk": false,
              "widthName": 60,
              "widthComment": 60,
              "widthDataType": 60,
              "widthDefault": 60
            },
            "id": "4b8d42bb-0f19-fa6e-1463-ad520785123f"
          },
          {
            "name": "email",
            "comment": "",
            "dataType": "text",
            "default": "",
            "option": {
              "autoIncrement": false,
              "primaryKey": false,
              "unique": false,
              "notNull": true
            },
            "ui": {
              "active": false,
              "pk": false,
              "fk": false,
              "pfk": false,
              "widthName": 60,
              "widthComment": 60,
              "widthDataType": 60,
              "widthDefault": 60
            },
            "id": "55072ecf-d327-b922-eb20-e703c2eae668"
          },
          {
            "name": "is_active",
            "comment": "",
            "dataType": "boolean",
            "default": "False",
            "option": {
              "autoIncrement": false,
              "primaryKey": false,
              "unique": false,
              "notNull": true
            },
            "ui": {
              "active": false,
              "pk": false,
              "fk": false,
              "pfk": false,
              "widthName": 60,
              "widthComment": 60,
              "widthDataType": 60,
              "widthDefault": 60
            },
            "id": "53597f51-fbf1-59fc-3240-f3aded4375df"
          }
        ],
        "ui": {
          "active": false,
          "left": 199,
          "top": 208,
          "zIndex": 191,
          "widthName": 60,
          "widthComment": 60
        },
        "id": "1fc2e709-dde6-d420-5e73-ab2d4fb85ab2"
      },
      {
        "name": "event",
        "comment": "",
        "columns": [
          {
            "name": "id",
            "comment": "",
            "dataType": "integer",
            "default": "",
            "option": {
              "autoIncrement": false,
              "primaryKey": true,
              "unique": false,
              "notNull": true
            },
            "ui": {
              "active": false,
              "pk": true,
              "fk": false,
              "pfk": false,
              "widthName": 60,
              "widthComment": 60,
              "widthDataType": 60,
              "widthDefault": 60
            },
            "id": "2f205ec4-ca00-c041-2806-adcb392b0095"
          },
          {
            "name": "owner",
            "comment": "",
            "dataType": "integer",
            "default": "",
            "option": {
              "autoIncrement": false,
              "primaryKey": false,
              "unique": false,
              "notNull": true
            },
            "ui": {
              "active": false,
              "pk": false,
              "fk": true,
              "pfk": false,
              "widthName": 60,
              "widthComment": 60,
              "widthDataType": 60,
              "widthDefault": 60
            },
            "id": "184dd461-b279-ed77-6ee3-df294cd7c341"
          },
          {
            "name": "title",
            "comment": "",
            "dataType": "text",
            "default": "",
            "option": {
              "autoIncrement": false,
              "primaryKey": false,
              "unique": false,
              "notNull": true
            },
            "ui": {
              "active": false,
              "pk": false,
              "fk": false,
              "pfk": false,
              "widthName": 60,
              "widthComment": 60,
              "widthDataType": 60,
              "widthDefault": 60
            },
            "id": "342eeb6f-22b0-e252-5d1d-05b87b1649ec"
          },
          {
            "name": "content",
            "comment": "",
            "dataType": "text",
            "default": "",
            "option": {
              "autoIncrement": false,
              "primaryKey": false,
              "unique": false,
              "notNull": true
            },
            "ui": {
              "active": false,
              "pk": false,
              "fk": false,
              "pfk": false,
              "widthName": 60,
              "widthComment": 60,
              "widthDataType": 60,
              "widthDefault": 60
            },
            "id": "64c0fa2f-e877-98fe-3bc5-e418a267acc4"
          },
          {
            "name": "start",
            "comment": "",
            "dataType": "date",
            "default": "",
            "option": {
              "autoIncrement": false,
              "primaryKey": false,
              "unique": false,
              "notNull": true
            },
            "ui": {
              "active": false,
              "pk": false,
              "fk": false,
              "pfk": false,
              "widthName": 60,
              "widthComment": 60,
              "widthDataType": 60,
              "widthDefault": 60
            },
            "id": "ded9979e-47cd-09cd-31f2-bdcd4e80686c"
          },
          {
            "name": "end",
            "comment": "",
            "dataType": "date",
            "default": "",
            "option": {
              "autoIncrement": false,
              "primaryKey": false,
              "unique": false,
              "notNull": true
            },
            "ui": {
              "active": false,
              "pk": false,
              "fk": false,
              "pfk": false,
              "widthName": 60,
              "widthComment": 60,
              "widthDataType": 60,
              "widthDefault": 60
            },
            "id": "76ffc571-c750-2103-baa7-133a0505a61c"
          },
          {
            "name": "location",
            "comment": "",
            "dataType": "text",
            "default": "",
            "option": {
              "autoIncrement": false,
              "primaryKey": false,
              "unique": false,
              "notNull": false
            },
            "ui": {
              "active": false,
              "pk": false,
              "fk": false,
              "pfk": false,
              "widthName": 60,
              "widthComment": 60,
              "widthDataType": 60,
              "widthDefault": 60
            },
            "id": "34999c70-6e75-e2ef-c1b7-55ae892cd2ad"
          }
        ],
        "ui": {
          "active": false,
          "left": 628,
          "top": 188,
          "zIndex": 243,
          "widthName": 60,
          "widthComment": 60
        },
        "id": "df705e3e-14ef-ddd6-7063-49ab04ed2f57"
      },
      {
        "name": "user_event",
        "comment": "",
        "columns": [
          {
            "name": "uesr_id",
            "comment": "",
            "dataType": "integer",
            "default": "",
            "option": {
              "autoIncrement": false,
              "primaryKey": false,
              "unique": false,
              "notNull": false
            },
            "ui": {
              "active": false,
              "pk": false,
              "fk": true,
              "pfk": false,
              "widthName": 60,
              "widthComment": 60,
              "widthDataType": 60,
              "widthDefault": 60
            },
            "id": "b7244122-42e6-ebc1-3378-a3fa22f45aad"
          },
          {
            "name": "event_id",
            "comment": "",
            "dataType": "integer",
            "default": "",
            "option": {
              "autoIncrement": false,
              "primaryKey": false,
              "unique": false,
              "notNull": false
            },
            "ui": {
              "active": false,
              "pk": false,
              "fk": true,
              "pfk": false,
              "widthName": 60,
              "widthComment": 60,
              "widthDataType": 60,
              "widthDefault": 60
            },
            "id": "63fef21b-7b78-f9d9-d357-460484ccbe2a"
          }
        ],
        "ui": {
          "active": false,
          "left": 402,
          "top": 428,
          "zIndex": 163,
          "widthName": 64,
          "widthComment": 60
        },
        "id": "eecbde06-5d31-ff52-4d02-aa2c5e6f7a35"
      }
    ],
    "indexes": []
  },
  "memo": {
    "memos": []
  },
  "relationship": {
    "relationships": [
      {
        "identification": false,
        "start": {
          "tableId": "1fc2e709-dde6-d420-5e73-ab2d4fb85ab2",
          "columnIds": [
            "aed82afc-33b3-0fa3-e1bd-bed1a02cc910"
          ],
          "x": 481,
          "y": 293.75,
          "direction": "right"
        },
        "end": {
          "tableId": "df705e3e-14ef-ddd6-7063-49ab04ed2f57",
          "columnIds": [
            "184dd461-b279-ed77-6ee3-df294cd7c341"
          ],
          "x": 628,
          "y": 294.25,
          "direction": "left"
        },
        "id": "0f683281-6fdc-384e-fd32-9eddcbd18ddc",
        "relationshipType": "OneN"
      },
      {
        "identification": false,
        "start": {
          "tableId": "1fc2e709-dde6-d420-5e73-ab2d4fb85ab2",
          "columnIds": [
            "aed82afc-33b3-0fa3-e1bd-bed1a02cc910"
          ],
          "x": 340,
          "y": 379.5,
          "direction": "bottom"
        },
        "end": {
          "tableId": "eecbde06-5d31-ff52-4d02-aa2c5e6f7a35",
          "columnIds": [
            "b7244122-42e6-ebc1-3378-a3fa22f45aad"
          ],
          "x": 402,
          "y": 483,
          "direction": "left"
        },
        "id": "38441315-421e-c901-4fb3-d792ed6b08bf",
        "relationshipType": "N"
      },
      {
        "identification": false,
        "start": {
          "tableId": "df705e3e-14ef-ddd6-7063-49ab04ed2f57",
          "columnIds": [
            "2f205ec4-ca00-c041-2806-adcb392b0095"
          ],
          "x": 769,
          "y": 400.5,
          "direction": "bottom"
        },
        "end": {
          "tableId": "eecbde06-5d31-ff52-4d02-aa2c5e6f7a35",
          "columnIds": [
            "63fef21b-7b78-f9d9-d357-460484ccbe2a"
          ],
          "x": 684,
          "y": 483,
          "direction": "right"
        },
        "id": "24711793-c40d-7af3-84a2-5a1f3fed8613",
        "relationshipType": "N"
      }
    ]
  }
}